Label,ICE,KO-Score,KI-Score,ICE d,R Squared,Mean Discord Before,Mean Discord After,Guide Sequences,Control Sample Quality Score,Edit Sample Quality Score,Notes,Indels
s20-2,None,None,None,None,None,None,None,GGCGATCGAGTGTATCACGC,None,None,,None
s22-1,None,None,None,None,None,None,None,GGCGATCGAGTGTATCACGC,None,None,ERROR - Sample ab1 quality scores too low,None
s22-2,None,None,None,None,None,None,None,GGCGATCGAGTGTATCACGC,None,None,ERROR - Sample ab1 quality scores too low,None
s20-1,None,None,None,None,None,None,None,GGCGATCGAGTGTATCACGC,None,None,,None
s21-1,None,None,None,None,None,None,None,GGCGATCGAGTGTATCACGC,None,None,,None
s22-3,None,None,None,None,None,None,None,GGCGATCGAGTGTATCACGC,None,None,ERROR - Sample ab1 quality scores too low,None
s20-3,None,None,None,None,None,None,None,GGCGATCGAGTGTATCACGC,None,None,,None
s21-2,None,None,None,None,None,None,None,GGCGATCGAGTGTATCACGC,None,None,,None
s21-3,None,None,None,None,None,None,None,GGCGATCGAGTGTATCACGC,None,None,,None
s5-2,12,12,None,44,0.48,0.0680925855084149,0.4553849436781518,GGCGATCGAGTGTATCACGC,59,56,,"{'0': 36.0, '8': 3.0, '-5': 1.0, '-22': 2.0, '-24': 3.0, '-25': 1.0, '-34': 2.0}"
s8-2,5,5,None,95,0.05,0.0884802675113516,0.7348120034542079,GGCGATCGAGTGTATCACGC,59,59,,"{'5': 1.0, '-24': 1.0, '-26': 1.0, '-27': 1.0, '-32': 1.0}"
s6-2,5,5,None,95,0.05,0.10714942632265764,0.7480717783351326,GGCGATCGAGTGTATCACGC,59,56,,"{'5': 1.0, '-24': 1.0, '-26': 1.0, '-27': 1.0, '-32': 1.0}"
s6-1,6,6,None,95,0.06,0.10593700385304435,0.7185456407467344,GGCGATCGAGTGTATCACGC,59,55,,"{'5': 1.0, '-24': 2.0, '-26': 1.0, '-27': 1.0, '-32': 1.0}"
s9-3,5,5,None,95,0.05,0.10075543911949425,0.7340628242727543,GGCGATCGAGTGTATCACGC,59,59,,"{'5': 1.0, '-24': 1.0, '-26': 1.0, '-27': 1.0, '-32': 1.0}"
s5-3,13,13,None,45,0.48,0.06624970530173646,0.5013817115989095,GGCGATCGAGTGTATCACGC,59,54,,"{'0': 35.0, '7': 1.0, '8': 4.0, '-22': 1.0, '-24': 4.0, '-25': 1.0, '-34': 2.0}"
s19-3,4,4,None,100,0.04,0.1308353161412725,0.7589232213906121,GGCGATCGAGTGTATCACGC,62,62,,"{'-19': 2.0, '-24': 1.0, '-39': 1.0}"
s13-3,10,3,None,100,0.1,0.13485662627792702,0.7367278740021768,GGCGATCGAGTGTATCACGC,62,62,,"{'-12': 7.0, '-19': 3.0}"
s9-1,5,5,None,95,0.05,0.09807045750000684,0.7416094831760633,GGCGATCGAGTGTATCACGC,59,59,,"{'5': 1.0, '-24': 1.0, '-26': 1.0, '-27': 1.0, '-32': 1.0}"
s11-2,0,0,None,0,1.0,0.05887502827086999,0.0797893587109497,GGCGATCGAGTGTATCACGC,62,62,,"{'0': 100.0, '-1': 0.0}"
s9-2,5,5,None,95,0.05,0.08780936213060234,0.7372473322555597,GGCGATCGAGTGTATCACGC,59,62,,"{'5': 1.0, '-24': 1.0, '-26': 1.0, '-27': 1.0, '-32': 1.0}"
s6-3,6,6,None,96,0.06,0.09486274639598674,0.7497435603073646,GGCGATCGAGTGTATCACGC,59,56,,"{'5': 2.0, '-24': 1.0, '-26': 1.0, '-27': 1.0, '-32': 1.0}"
s11-1,0,0,None,0,1.0,0.043076612477241656,0.08351950422607772,GGCGATCGAGTGTATCACGC,62,62,,"{'0': 100.0, '-1': 0.0}"
s7-1,5,5,None,95,0.05,0.09689942410958619,0.7429443678571174,GGCGATCGAGTGTATCACGC,59,59,,"{'5': 1.0, '-24': 1.0, '-26': 1.0, '-27': 1.0, '-32': 1.0}"
s12-1,0,0,None,1,1.0,0.05864370577003564,0.09465202598584528,GGCGATCGAGTGTATCACGC,62,62,,"{'0': 100.0, '-1': 0.0}"
s11-3,0,0,None,0,1.0,0.04473924201674845,0.08282423405147617,GGCGATCGAGTGTATCACGC,62,62,,"{'0': 100.0, '-1': 0.0}"
s13-1,10,3,None,100,0.1,0.1422935357861536,0.7486235340116029,GGCGATCGAGTGTATCACGC,62,62,,"{'-12': 7.0, '-19': 3.0}"
s14-1,5,4,None,100,0.05,0.1218752926099068,0.7650080161686114,GGCGATCGAGTGTATCACGC,62,62,,"{'-12': 1.0, '-19': 3.0, '-39': 1.0}"
s12-2,0,0,None,2,1.0,0.059349725784603485,0.10840156219637784,GGCGATCGAGTGTATCACGC,62,62,,"{'0': 100.0, '-1': 0.0}"
s3-3,0,0,None,3,0.99,0.06259000678398806,0.0979257351072273,GGCGATCGAGTGTATCACGC,59,59,,"{'0': 99.0, '-1': 0.0}"
s23-2,4,4,None,36,0.73,0.15346419943338024,0.22433691109583107,GGCGATCGAGTGTATCACGC,62,56,,"{'0': 69.0, '-7': 1.0, '-22': 1.0, '-27': 2.0}"
s8-3,5,5,None,95,0.05,0.08005083566746923,0.7330626578648168,GGCGATCGAGTGTATCACGC,59,59,,"{'5': 1.0, '-24': 1.0, '-26': 1.0, '-27': 1.0, '-32': 1.0}"
s14-2,5,4,None,100,0.05,0.12339313654667246,0.753579805165318,GGCGATCGAGTGTATCACGC,62,62,,"{'-12': 1.0, '-19': 2.0, '-24': 1.0, '-39': 1.0}"
s16-3,4,4,None,100,0.04,0.12753336754939543,0.7701288808872585,GGCGATCGAGTGTATCACGC,62,62,,"{'-19': 2.0, '-24': 1.0, '-39': 1.0}"
s7-2,5,5,None,95,0.05,0.09347768677197274,0.7490194357497428,GGCGATCGAGTGTATCACGC,59,54,,"{'5': 1.0, '-24': 1.0, '-26': 1.0, '-27': 1.0, '-32': 1.0}"
s18-2,5,5,None,95,0.05,0.08603522653732927,0.7368782804203652,GGCGATCGAGTGTATCACGC,59,62,,"{'5': 1.0, '-24': 1.0, '-26': 1.0, '-27': 1.0, '-32': 1.0}"
s14-3,4,3,None,100,0.04,0.12568993480094048,0.7565665800375108,GGCGATCGAGTGTATCACGC,62,62,,"{'-12': 1.0, '-19': 2.0, '-39': 1.0}"
s12-3,0,0,None,2,1.0,0.05896100749798455,0.10231512189836413,GGCGATCGAGTGTATCACGC,62,62,,"{'0': 100.0, '-1': 0.0}"
s15-2,4,4,None,100,0.04,0.12950626926589756,0.7428292771787947,GGCGATCGAGTGTATCACGC,62,62,,"{'-19': 2.0, '-24': 1.0, '-39': 1.0}"
s13-2,10,3,None,100,0.1,0.14216885414704797,0.7366861358469216,GGCGATCGAGTGTATCACGC,62,62,,"{'-12': 7.0, '-19': 3.0}"
s1-3,0,0,None,0,1.0,0.05482718213102058,0.07901700836413861,GGCGATCGAGTGTATCACGC,59,62,,"{'0': 100.0, '-1': 0.0}"
s19-2,4,4,None,100,0.04,0.12626583852658485,0.7669978073563841,GGCGATCGAGTGTATCACGC,62,62,,"{'-19': 2.0, '-24': 1.0, '-39': 1.0}"
s4-1,0,0,None,9,0.96,0.06033509199404806,0.12337463281473557,GGCGATCGAGTGTATCACGC,59,54,,"{'0': 96.0, '-1': 0.0}"
s7-3,5,5,None,95,0.05,0.08802907806592794,0.7447001786382162,GGCGATCGAGTGTATCACGC,59,56,,"{'5': 1.0, '-24': 1.0, '-26': 1.0, '-27': 1.0, '-32': 1.0}"
s23-3,5,5,None,34,0.77,0.1174967639897249,0.23281797761709783,GGCGATCGAGTGTATCACGC,62,54,,"{'0': 72.0, '-7': 2.0, '17': 2.0, '-27': 1.0}"
s8-1,5,5,None,95,0.05,0.11445195542492502,0.7341967873801416,GGCGATCGAGTGTATCACGC,59,48,,"{'5': 1.0, '-24': 1.0, '-26': 1.0, '-27': 1.0, '-32': 1.0}"
s23-1,5,4,None,35,0.74,0.1402406454319148,0.2298540625972187,GGCGATCGAGTGTATCACGC,62,54,,"{'0': 69.0, '-3': 1.0, '-7': 1.0, '17': 1.0, '-27': 2.0}"
s16-1,4,4,None,100,0.04,0.15320389949383323,0.7661508911234188,GGCGATCGAGTGTATCACGC,62,62,,"{'-19': 2.0, '-24': 1.0, '-39': 1.0}"
s15-3,4,4,None,100,0.04,0.12597759044718038,0.7679769294058202,GGCGATCGAGTGTATCACGC,62,62,,"{'-19': 2.0, '-24': 1.0, '-39': 1.0}"
s2-1,0,0,None,2,1.0,0.053106448779184336,0.08480382783330313,GGCGATCGAGTGTATCACGC,59,59,,"{'0': 100.0, '-1': 0.0}"
s4-3,0,0,None,9,0.96,0.07008212336958866,0.1191383760474726,GGCGATCGAGTGTATCACGC,59,56,,"{'0': 96.0, '-1': 0.0}"
s5-1,11,11,None,44,0.49,0.0801409346760729,0.49819524735649157,GGCGATCGAGTGTATCACGC,59,49,,"{'0': 38.0, '8': 3.0, '-22': 1.0, '-24': 4.0, '-25': 2.0, '-34': 1.0}"
s4-2,0,0,None,9,0.96,0.056378473207626754,0.11982111403919854,GGCGATCGAGTGTATCACGC,59,54,,"{'0': 96.0, '-1': 0.0}"
s19-1,4,4,None,100,0.04,0.1282724664500771,0.7654965315670209,GGCGATCGAGTGTATCACGC,62,62,,"{'-19': 2.0, '-24': 1.0, '-39': 1.0}"
s18-3,5,5,None,95,0.05,0.08177553989705663,0.7372955827673918,GGCGATCGAGTGTATCACGC,59,62,,"{'5': 1.0, '-24': 1.0, '-26': 1.0, '-27': 1.0, '-32': 1.0}"
s2-3,0,0,None,1,1.0,0.06359825105492548,0.08929230695582019,GGCGATCGAGTGTATCACGC,59,59,,"{'0': 100.0, '-1': 0.0}"
s15-1,4,4,None,100,0.04,0.12445126381122958,0.7449374633464444,GGCGATCGAGTGTATCACGC,62,62,,"{'-19': 2.0, '-24': 1.0, '-39': 1.0}"
s18-1,5,5,None,95,0.05,0.08277791226614467,0.7374396029394141,GGCGATCGAGTGTATCACGC,59,62,,"{'5': 1.0, '-24': 1.0, '-26': 1.0, '-27': 1.0, '-32': 1.0}"
s1-1,0,0,None,2,1.0,0.08123303257794985,0.09129896667080882,GGCGATCGAGTGTATCACGC,59,59,,"{'0': 100.0, '-1': 0.0}"
s2-2,0,0,None,2,1.0,0.0574106123108472,0.06774239692949986,GGCGATCGAGTGTATCACGC,59,62,,"{'0': 100.0, '-1': 0.0}"
s3-1,0,0,None,4,0.99,0.05887458304803915,0.09515814238471604,GGCGATCGAGTGTATCACGC,59,59,,"{'0': 99.0, '-1': 0.0}"
s1-2,0,0,None,0,1.0,0.05338728328516757,0.07940356857247508,GGCGATCGAGTGTATCACGC,59,62,,"{'0': 100.0, '-1': 0.0}"
s16-2,4,4,None,100,0.04,0.12149082913751091,0.7700015471477746,GGCGATCGAGTGTATCACGC,62,62,,"{'-19': 2.0, '-24': 1.0, '-39': 1.0}"
s3-2,0,0,None,2,0.99,0.051444466791321815,0.08655910258024306,GGCGATCGAGTGTATCACGC,59,59,,"{'0': 99.0, '-1': 0.0}"
